{
  "files": [
    {
      "filepath": "/home/sousa/work/adila/ide/frontend/src/__bench__/panes.bench.ts",
      "groups": [
        {
          "fullName": "src/__bench__/panes.bench.ts > panes — openTabInLeaf",
          "benchmarks": [
            {
              "id": "1182531338_0_0",
              "name": "open new tab in leaf with 10 tabs",
              "rank": 1,
              "rme": 1.2026237387453198,
              "samples": [],
              "totalTime": 500.00063099993963,
              "min": 0.00040100000001075387,
              "max": 1.3284780000000183,
              "hz": 1102326.6088639526,
              "period": 0.0009071721502128942,
              "mean": 0.0009071721502128942,
              "variance": 0.00001707684604868893,
              "sd": 0.0041324140703333356,
              "sem": 0.000005566258994768683,
              "df": 551163,
              "critical": 1.96,
              "moe": 0.000010909867629746618,
              "p75": 0.0010019999999713036,
              "p99": 0.0017630000002100132,
              "p995": 0.006242000000156622,
              "p999": 0.018465999999989435,
              "sampleCount": 551164,
              "median": 0.0009119999999711581
            },
            {
              "id": "1182531338_0_1",
              "name": "open new tab in leaf with 50 tabs",
              "rank": 2,
              "rme": 6.173160377744287,
              "samples": [],
              "totalTime": 500.0006190000199,
              "min": 0.0007009999999354477,
              "max": 15.59659899999997,
              "hz": 695277.1392468739,
              "period": 0.0014382753920015301,
              "mean": 0.0014382753920015301,
              "variance": 0.0007133711953442099,
              "sd": 0.026709009628666687,
              "sem": 0.00004529951358259427,
              "df": 347638,
              "critical": 1.96,
              "moe": 0.00008878704662188477,
              "p75": 0.0016430000000582368,
              "p99": 0.0023240000000441796,
              "p995": 0.0027549999999791908,
              "p999": 0.021441000000322674,
              "sampleCount": 347639,
              "median": 0.0014830000000074506
            },
            {
              "id": "1182531338_0_2",
              "name": "re-activate existing tab (50 tabs)",
              "rank": 3,
              "rme": 3.9465595656657007,
              "samples": [],
              "totalTime": 500.00053200009916,
              "min": 0.0008520000001226435,
              "max": 10.020721999999296,
              "hz": 532827.4330715055,
              "period": 0.001876780244281829,
              "mean": 0.001876780244281829,
              "variance": 0.00038046005907401976,
              "sd": 0.019505385386452117,
              "sem": 0.000037789923600626846,
              "df": 266413,
              "critical": 1.96,
              "moe": 0.00007406825025722862,
              "p75": 0.0022040000003471505,
              "p99": 0.0070729999997638515,
              "p995": 0.009968999999728112,
              "p999": 0.023404999999911524,
              "sampleCount": 266414,
              "median": 0.0019339999998919666
            }
          ]
        },
        {
          "fullName": "src/__bench__/panes.bench.ts > panes — closeTabInTree",
          "benchmarks": [
            {
              "id": "1182531338_1_0",
              "name": "close tab in flat leaf (50 tabs)",
              "rank": 1,
              "rme": 1.2394756441497508,
              "samples": [],
              "totalTime": 500.002707000348,
              "min": 0.0016929999992498779,
              "max": 2.1019769999993514,
              "hz": 263054.5758223434,
              "period": 0.003801492511102944,
              "mean": 0.003801492511102944,
              "variance": 0.00007601343293046312,
              "sd": 0.00871856828444115,
              "sem": 0.000024040088668009055,
              "df": 131527,
              "critical": 1.96,
              "moe": 0.000047118573789297744,
              "p75": 0.0041570000003048335,
              "p99": 0.008125000000291038,
              "p995": 0.009028000000398606,
              "p999": 0.027162000000316766,
              "sampleCount": 131528,
              "median": 0.003926999999748659
            },
            {
              "id": "1182531338_1_1",
              "name": "close tab in tree depth 8",
              "rank": 2,
              "rme": 1.6653173224645965,
              "samples": [],
              "totalTime": 500.00163400026304,
              "min": 0.002314999999725842,
              "max": 3.2986540000001696,
              "hz": 237693.22321842148,
              "period": 0.004207103536481889,
              "mean": 0.004207103536481889,
              "variance": 0.0001518575819004589,
              "sd": 0.012323050835749194,
              "sem": 0.00003574572651380283,
              "df": 118846,
              "critical": 1.96,
              "moe": 0.00007006162396705354,
              "p75": 0.0055099999999583815,
              "p99": 0.007423999999446096,
              "p995": 0.010940999999547785,
              "p999": 0.029936999999335967,
              "sampleCount": 118847,
              "median": 0.0029659999991054065
            },
            {
              "id": "1182531338_1_2",
              "name": "close tab in tree depth 16",
              "rank": 3,
              "rme": 0.6722097964381805,
              "samples": [],
              "totalTime": 500.0000709998849,
              "min": 0.004589000000123633,
              "max": 0.8997389999994994,
              "hz": 165993.97642889357,
              "period": 0.00602431498728731,
              "mean": 0.00602431498728731,
              "variance": 0.00003543033586804009,
              "sd": 0.005952338688955804,
              "sem": 0.000020661242608591238,
              "df": 82996,
              "critical": 1.96,
              "moe": 0.000040496035512838824,
              "p75": 0.005300000000715954,
              "p99": 0.011221000000659842,
              "p995": 0.022903999999471125,
              "p999": 0.030117000000245753,
              "sampleCount": 82997,
              "median": 0.005019000000174856
            }
          ]
        },
        {
          "fullName": "src/__bench__/panes.bench.ts > panes — traversal",
          "benchmarks": [
            {
              "id": "1182531338_2_0",
              "name": "getAllLeaves depth 16",
              "rank": 3,
              "rme": 0.9273292801774403,
              "samples": [],
              "totalTime": 500.00048800004515,
              "min": 0.0024949999988166383,
              "max": 0.9871359999997367,
              "hz": 301767.7054746922,
              "period": 0.00331380721613985,
              "mean": 0.00331380721613985,
              "variance": 0.00003708971278773823,
              "sd": 0.006090132411346918,
              "sem": 0.00001567852275709069,
              "df": 150883,
              "critical": 1.96,
              "moe": 0.00003072990460389775,
              "p75": 0.0029150000009394716,
              "p99": 0.005810999999084743,
              "p995": 0.008285999998406623,
              "p999": 0.027181999999811524,
              "sampleCount": 150884,
              "median": 0.0027549999995244434
            },
            {
              "id": "1182531338_2_1",
              "name": "getAllLeaves depth 32",
              "rank": 4,
              "rme": 0.8256780840272753,
              "samples": [],
              "totalTime": 500.0018870001477,
              "min": 0.007023000000117463,
              "max": 0.8497850000003382,
              "hz": 107185.595481531,
              "period": 0.009329611833637745,
              "mean": 0.009329611833637745,
              "variance": 0.00008278365366587385,
              "sd": 0.009098552284065519,
              "sem": 0.000039302326650592904,
              "df": 53592,