{
  "files": [
    {
      "filepath": "/home/sousa/work/adila/ide/frontend/src/__bench__/panes.bench.ts",
      "groups": [
        {
          "fullName": "src/__bench__/panes.bench.ts > panes — openTabInLeaf",
          "benchmarks": [
            {
              "id": "1182531338_0_0",
              "name": "open new tab in leaf with 10 tabs",
              "rank": 1,
              "rme": 1.5792846889255812,
              "samples": [],
              "totalTime": 500.00004099988854,
              "min": 0.00022999999998774,
              "max": 3.75348299999996,
              "hz": 2857667.76567188,
              "period": 0.0003499357105163291,
              "mean": 0.0003499357105163291,
              "variance": 0.000011359703894517557,
              "sd": 0.0033704159824148646,
              "sem": 0.0000028196332128914953,
              "df": 1428833,
              "critical": 1.96,
              "moe": 0.00000552648109726733,
              "p75": 0.00031100000001060835,
              "p99": 0.0006820000000402615,
              "p995": 0.0014630000000579457,
              "p999": 0.0040380000000368454,
              "sampleCount": 1428834,
              "median": 0.0003010000000358559
            },
            {
              "id": "1182531338_0_1",
              "name": "open new tab in leaf with 50 tabs",
              "rank": 2,
              "rme": 0.29966012837269307,
              "samples": [],
              "totalTime": 500.0002029998509,
              "min": 0.0003810000002886227,
              "max": 0.5607710000003863,
              "hz": 1998751.1885076137,
              "period": 0.000500312397936163,
              "mean": 0.000500312397936163,
              "variance": 5.847324897620257e-7,
              "sd": 0.0007646780301290378,
              "sem": 7.649167213877578e-7,
              "df": 999375,
              "critical": 1.96,
              "moe": 0.0000014992367739200051,
              "p75": 0.0004899999998997373,
              "p99": 0.0010520000000724394,
              "p995": 0.0013330000001587905,
              "p999": 0.002043999999841617,
              "sampleCount": 999376,
              "median": 0.00045100000033926335
            },
            {
              "id": "1182531338_0_2",
              "name": "re-activate existing tab (50 tabs)",
              "rank": 3,
              "rme": 0.4041452617542917,
              "samples": [],
              "totalTime": 500.0001719999209,
              "min": 0.0005609999998341664,
              "max": 0.8979559999997946,
              "hz": 1412811.5139930628,
              "period": 0.0007078085010601848,
              "mean": 0.0007078085010601848,
              "variance": 0.000001504696006319976,
              "sd": 0.001226660509807003,
              "sem": 0.0000014594767955759246,
              "df": 706405,
              "critical": 1.96,
              "moe": 0.000002860574519328812,
              "p75": 0.0006709999997838167,
              "p99": 0.0014030000002094312,
              "p995": 0.0015030000004117028,
              "p999": 0.0022850000004837057,
              "sampleCount": 706406,
              "median": 0.0006510000002890592
            }
          ]
        },
        {
          "fullName": "src/__bench__/panes.bench.ts > panes — closeTabInTree",
          "benchmarks": [
            {
              "id": "1182531338_1_0",
              "name": "close tab in flat leaf (50 tabs)",
              "rank": 1,
              "rme": 0.3419785201924893,
              "samples": [],
              "totalTime": 500.0003460002081,
              "min": 0.0004399999997986015,
              "max": 0.660131999999976,
              "hz": 1582578.9048547393,
              "period": 0.0006318800262864538,
              "mean": 0.0006318800262864538,
              "variance": 9.61812566679949e-7,
              "sd": 0.000980720432478058,
              "sem": 0.0000011024969200440445,
              "df": 791289,
              "critical": 1.96,
              "moe": 0.0000021608939632863274,
              "p75": 0.0006209999992279336,
              "p99": 0.0012120000001232256,
              "p995": 0.0013930000004620524,
              "p999": 0.0028350000002319575,
              "sampleCount": 791290,
              "median": 0.0005510000000867876
            },
            {
              "id": "1182531338_1_1",
              "name": "close tab in tree depth 8",
              "rank": 2,
              "rme": 0.47169727639160763,
              "samples": [],
              "totalTime": 500.0007359999254,
              "min": 0.0009209999998347485,
              "max": 0.9357689999997092,
              "hz": 888140.692657033,
              "period": 0.0011259477335829752,
              "mean": 0.0011259477335829752,
              "variance": 0.000003260644634043041,
              "sd": 0.0018057255145904763,
              "sem": 0.0000027097269351550655,
              "df": 444070,
              "critical": 1.96,
              "moe": 0.000005311064792903928,
              "p75": 0.0010919999995167018,
              "p99": 0.0020540000004984904,
              "p995": 0.0021839999999428983,
              "p999": 0.011502000000291446,
              "sampleCount": 444071,
              "median": 0.0010620000002745655
            },
            {
              "id": "1182531338_1_2",
              "name": "close tab in tree depth 16",
              "rank": 3,
              "rme": 0.39937558277034874,
              "samples": [],
              "totalTime": 500.00026300011905,
              "min": 0.0017629999993005185,
              "max": 0.6870529999996506,
              "hz": 489057.74275551084,
              "period": 0.0020447483243301165,
              "mean": 0.0020447483243301165,
              "variance": 0.000004244836524050431,
              "sd": 0.0020603001053367035,
              "sem": 0.0000041664416002450735,
              "df": 244528,
              "critical": 1.96,
              "moe": 0.000008166225536480343,
              "p75": 0.00194400000054884,
              "p99": 0.003867999999783933,
              "p995": 0.004017999999632593,
              "p999": 0.015329000000747328,
              "sampleCount": 244529,
              "median": 0.0019130000000586733
            }
          ]
        },
        {
          "fullName": "src/__bench__/panes.bench.ts > panes — traversal",
          "benchmarks": [
            {
              "id": "1182531338_2_0",
              "name": "getAllLeaves depth 16",
              "rank": 1,
              "rme": 13.575755960787447,
              "samples": [],
              "totalTime": 500.00000700190685,
              "min": 0.00040999999873747583,
              "max": 34.62626300000011,
              "hz": 1920355.9731076926,
              "period": 0.0005207367873476656,
              "mean": 0.0005207367873476656,
              "variance": 0.0012491200287765014,
              "sd": 0.0353428921959777,
              "sem": 0.00003606834461651213,
              "df": 960177,
              "critical": 1.96,
              "moe": 0.00007069395544836377,
              "p75": 0.00046100000145088416,
              "p99": 0.0008409999991272343,
              "p995": 0.000901999999769032,
              "p999": 0.0015829999993002275,
              "sampleCount": 960178,
              "median": 0.0004510000017035054
            },
            {
              "id": "1182531338_2_1",
              "name": "getAllLeaves depth 32",
              "rank": 2,
              "rme": 3.425417238308611,
              "samples": [],
              "totalTime": 500.0006529997827,
              "min": 0.0008209999996324768,
              "max": 8.701930000001084,
              "hz": 1036082.6468765135,
              "period": 0.0009651739685195075,
              "mean": 0.0009651739685195075,
              "variance": 0.00014739779505268117,
              "sd": 0.012140749361249542,
              "sem": 0.000016867977294558437,