{
  "files": [
    {
      "filepath": "/home/sousa/work/adila/ide/frontend/src/__bench__/panes.bench.ts",
      "groups": [
        {
          "fullName": "src/__bench__/panes.bench.ts > panes — openTabInLeaf",
          "benchmarks": [
            {
              "id": "1182531338_0_0",
              "name": "open new tab in leaf with 10 tabs",
              "rank": 1,
              "rme": 1.8321208870283865,
              "samples": [],
              "totalTime": 500.0001680001004,
              "min": 0.00024999999982355803,
              "max": 4.377124999999978,
              "hz": 2633893.1150113842,
              "period": 0.00037966612779413326,
              "mean": 0.00037966612779413326,
              "variance": 0.000016587010222125083,
              "sd": 0.004072715337723112,
              "sem": 0.0000035489502185143886,
              "df": 1316946,
              "critical": 1.96,
              "moe": 0.000006955942428288201,
              "p75": 0.0003400000000510772,
              "p99": 0.0008519999998952699,
              "p995": 0.0036370000000260916,
              "p999": 0.0049199999999700594,
              "sampleCount": 1316947,
              "median": 0.00031100000001060835
            },
            {
              "id": "1182531338_0_1",
              "name": "open new tab in leaf with 50 tabs",
              "rank": 2,
              "rme": 3.7496096257344957,
              "samples": [],
              "totalTime": 500.0003729998939,
              "min": 0.0004210000001876324,
              "max": 9.504183999999896,
              "hz": 1699338.7322936663,
              "period": 0.0005884641955110736,
              "mean": 0.0005884641955110736,
              "variance": 0.00010768379192961567,
              "sd": 0.010377080125431029,
              "sem": 0.000011257709244328712,
              "df": 849669,
              "critical": 1.96,
              "moe": 0.000022065110118884277,
              "p75": 0.0005510000000867876,
              "p99": 0.0011819999999715947,
              "p995": 0.0014630000000579457,
              "p999": 0.002414000000044325,
              "sampleCount": 849670,
              "median": 0.0005209999999351567
            },
            {
              "id": "1182531338_0_2",
              "name": "re-activate existing tab (50 tabs)",
              "rank": 3,
              "rme": 0.3531711178993255,
              "samples": [],
              "totalTime": 500.00030900008096,
              "min": 0.0005909999999857973,
              "max": 0.7918630000003759,
              "hz": 1333023.1761914613,
              "period": 0.000750174503985046,
              "mean": 0.000750174503985046,
              "variance": 0.0000012178415577925428,
              "sd": 0.0011035585882917783,
              "sem": 0.0000013517345315916872,
              "df": 666511,
              "critical": 1.96,
              "moe": 0.0000026493996819197067,
              "p75": 0.0007010000008449424,
              "p99": 0.001502999999502208,
              "p995": 0.0016030000006139744,
              "p999": 0.0028149999998277053,
              "sampleCount": 666512,
              "median": 0.0006819999998697313
            }
          ]
        },
        {
          "fullName": "src/__bench__/panes.bench.ts > panes — closeTabInTree",
          "benchmarks": [
            {
              "id": "1182531338_1_0",
              "name": "close tab in flat leaf (50 tabs)",
              "rank": 1,
              "rme": 0.4354758409102143,
              "samples": [],
              "totalTime": 500.0005730003768,
              "min": 0.0009819999995670514,
              "max": 0.5407430000004751,
              "hz": 774505.1124165575,
              "period": 0.0012911470614827432,
              "mean": 0.0012911470614827432,
              "variance": 0.0000031868542634978,
              "sd": 0.0017851762555831287,
              "sem": 0.000002868690573152805,
              "df": 387252,
              "critical": 1.96,
              "moe": 0.000005622633523379498,
              "p75": 0.0012429999997038976,
              "p99": 0.002765000000181317,
              "p995": 0.0029850000000806176,
              "p999": 0.013355000000046857,
              "sampleCount": 387253,
              "median": 0.0011629999999058782
            },
            {
              "id": "1182531338_1_1",
              "name": "close tab in tree depth 8",
              "rank": 2,
              "rme": 0.48248825823548824,
              "samples": [],
              "totalTime": 500.0010429999402,
              "min": 0.0015830000002097222,
              "max": 0.6703210000005129,
              "hz": 494226.9690426017,
              "period": 0.0020233618613269186,
              "mean": 0.0020233618613269186,
              "variance": 0.000006130640148095242,
              "sd": 0.0024760129539433437,
              "sem": 0.00000498085887883541,
              "df": 247113,
              "critical": 1.96,
              "moe": 0.000009762483402517404,
              "p75": 0.0019230000007155468,
              "p99": 0.0037680000004911562,
              "p995": 0.004017999999632593,
              "p999": 0.016460999999253545,
              "sampleCount": 247114,
              "median": 0.0018540000000939472
            },
            {
              "id": "1182531338_1_2",
              "name": "close tab in tree depth 16",
              "rank": 3,
              "rme": 0.5264025903305121,
              "samples": [],
              "totalTime": 500.00271499980136,
              "min": 0.0033260000000154832,
              "max": 0.7056789999996909,
              "hz": 254530.61789884593,
              "period": 0.003928800425878093,
              "mean": 0.003928800425878093,
              "variance": 0.000014169555396054018,
              "sd": 0.0037642469892468556,
              "sem": 0.000010551687352417586,
              "df": 127265,
              "critical": 1.96,
              "moe": 0.000020681307210738467,
              "p75": 0.003726999999344116,
              "p99": 0.007324000000153319,
              "p995": 0.008695999999872583,
              "p999": 0.02164100000027247,
              "sampleCount": 127266,
              "median": 0.003627000000051339
            }
          ]
        },
        {
          "fullName": "src/__bench__/panes.bench.ts > panes — traversal",
          "benchmarks": [
            {
              "id": "1182531338_2_0",
              "name": "getAllLeaves depth 16",
              "rank": 3,
              "rme": 0.6110444979337353,
              "samples": [],
              "totalTime": 500.00013800010856,
              "min": 0.001602999998794985,
              "max": 0.5590779999984079,
              "hz": 527627.8543745977,
              "period": 0.0018952752242114086,
              "mean": 0.0018952752242114086,
              "variance": 0.000009210345942156885,
              "sd": 0.0030348551764716692,
              "sem": 0.000005908660703186264,
              "df": 263813,
              "critical": 1.96,
              "moe": 0.000011580974978245078,
              "p75": 0.001793000001271139,
              "p99": 0.0034559999985503964,
              "p995": 0.003627000000051339,
              "p999": 0.01527900000110094,
              "sampleCount": 263814,
              "median": 0.001733000000967877
            },
            {
              "id": "1182531338_2_1",
              "name": "getAllLeaves depth 32",
              "rank": 4,
              "rme": 0.6126450445707087,
              "samples": [],
              "totalTime": 500.00008699982754,
              "min": 0.004407999998875312,
              "max": 0.4790259999990667,
              "hz": 186817.96749373808,
              "period": 0.005352804194454791,
              "mean": 0.005352804194454791,
              "variance": 0.000026149123996148533,
              "sd": 0.0051136214169753055,
              "sem": 0.000016731474307602203,