{
  "files": [
    {
      "filepath": "/home/sousa/work/adila/ide/frontend/src/__bench__/panes.bench.ts",
      "groups": [
        {
          "fullName": "src/__bench__/panes.bench.ts > panes — openTabInLeaf",
          "benchmarks": [
            {
              "id": "1182531338_0_0",
              "name": "open new tab in leaf with 10 tabs",
              "rank": 1,
              "rme": 1.7913135791765602,
              "samples": [],
              "totalTime": 500.0004110000234,
              "min": 0.000381000000061249,
              "max": 3.868513000000121,
              "hz": 1257932.9659790432,
              "period": 0.0007949549197335049,
              "mean": 0.0007949549197335049,
              "variance": 0.00003320044893413149,
              "sd": 0.005761983073051455,
              "sem": 0.000007265375217101223,
              "df": 628966,
              "critical": 1.96,
              "moe": 0.000014240135425518397,
              "p75": 0.0009619999998449202,
              "p99": 0.00197400000001835,
              "p995": 0.004267999999910899,
              "p999": 0.014969000000064625,
              "sampleCount": 628967,
              "median": 0.0005710000000362925
            },
            {
              "id": "1182531338_0_1",
              "name": "open new tab in leaf with 50 tabs",
              "rank": 3,
              "rme": 1.0953961171821074,
              "samples": [],
              "totalTime": 500.00036500011265,
              "min": 0.0007909999999355932,
              "max": 1.7685599999999795,
              "hz": 614509.5514078891,
              "period": 0.001627314006281794,
              "mean": 0.001627314006281794,
              "variance": 0.000025413936205440614,
              "sd": 0.005041223681353627,
              "sem": 0.000009094660428148656,
              "df": 307254,
              "critical": 1.96,
              "moe": 0.000017825534439171367,
              "p75": 0.0017130000001088774,
              "p99": 0.0023540000001958106,
              "p995": 0.00369700000010198,
              "p999": 0.022983999999723892,
              "sampleCount": 307255,
              "median": 0.001603000000159227
            },
            {
              "id": "1182531338_0_2",
              "name": "re-activate existing tab (50 tabs)",
              "rank": 2,
              "rme": 4.8136132720147655,
              "samples": [],
              "totalTime": 500.00020399959885,
              "min": 0.0008520000001226435,
              "max": 12.202651999999944,
              "hz": 620785.7467199134,
              "period": 0.0016108617269062087,
              "mean": 0.0016108617269062087,
              "variance": 0.00048580132356863386,
              "sd": 0.022040901151464606,
              "sem": 0.00003956155810212424,
              "df": 310392,
              "critical": 1.96,
              "moe": 0.00007754065388016351,
              "p75": 0.0019940000001952285,
              "p99": 0.007192999999460881,
              "p995": 0.011031000000002678,
              "p999": 0.022242999999434687,
              "sampleCount": 310393,
              "median": 0.0010620000002745655
            }
          ]
        },
        {
          "fullName": "src/__bench__/panes.bench.ts > panes — closeTabInTree",
          "benchmarks": [
            {
              "id": "1182531338_1_0",
              "name": "close tab in flat leaf (50 tabs)",
              "rank": 1,
              "rme": 0.6846847735924142,
              "samples": [],
              "totalTime": 500.00116499964497,
              "min": 0.0015630000007149647,
              "max": 0.9133750000000873,
              "hz": 460018.928156224,
              "period": 0.002173823594624777,
              "mean": 0.002173823594624777,
              "variance": 0.000013263694538623332,
              "sd": 0.003641935548389528,
              "sem": 0.000007593795488344457,
              "df": 230009,
              "critical": 1.96,
              "moe": 0.000014883839157155135,
              "p75": 0.0018730000001596636,
              "p99": 0.004288000000087777,
              "p995": 0.004639000000679516,
              "p999": 0.02334400000017922,
              "sampleCount": 230010,
              "median": 0.0017840000000433065
            },
            {
              "id": "1182531338_1_1",
              "name": "close tab in tree depth 8",
              "rank": 2,
              "rme": 0.4733452089562465,
              "samples": [],
              "totalTime": 500.00152999980855,
              "min": 0.002454000000398082,
              "max": 0.7981550000004063,
              "hz": 312525.04367348604,
              "period": 0.0031997435733334733,
              "mean": 0.0031997435733334733,
              "variance": 0.000009331046150278185,
              "sd": 0.003054676112172645,
              "sem": 0.00000772746576696908,
              "df": 156262,
              "critical": 1.96,
              "moe": 0.000015145832903259397,
              "p75": 0.0028449999999793363,
              "p99": 0.0059919999994235695,
              "p995": 0.007835000000341097,
              "p999": 0.0255989999996018,
              "sampleCount": 156263,
              "median": 0.0027149999996254337
            },
            {
              "id": "1182531338_1_2",
              "name": "close tab in tree depth 16",
              "rank": 3,
              "rme": 0.8167412079854226,
              "samples": [],
              "totalTime": 500.00478500001736,
              "min": 0.0048489999999219435,
              "max": 1.2402710000005754,
              "hz": 144880.61349252384,
              "period": 0.006902234715147739,
              "mean": 0.006902234715147739,
              "variance": 0.00005992674343060716,
              "sd": 0.007741236556946645,
              "sem": 0.000028761936321676955,
              "df": 72440,
              "critical": 1.96,
              "moe": 0.00005637339519048683,
              "p75": 0.008466000000225904,
              "p99": 0.012733999999909429,
              "p995": 0.025959999999031425,
              "p999": 0.03352400000039779,
              "sampleCount": 72441,
              "median": 0.005590000000665896
            }
          ]
        },
        {
          "fullName": "src/__bench__/panes.bench.ts > panes — traversal",
          "benchmarks": [
            {
              "id": "1182531338_2_0",
              "name": "getAllLeaves depth 16",
              "rank": 3,
              "rme": 0.7974065485414273,
              "samples": [],
              "totalTime": 500.0038139998851,
              "min": 0.002365000000281725,
              "max": 0.9238359999999375,
              "hz": 307989.65065501555,
              "period": 0.003246862347073204,
              "mean": 0.003246862347073204,
              "variance": 0.00002687105061673795,
              "sd": 0.005183729411990749,
              "sem": 0.00001320953723351409,
              "df": 153995,
              "critical": 1.96,
              "moe": 0.000025890692977687618,
              "p75": 0.0028959999999642605,
              "p99": 0.0055799999990995275,
              "p995": 0.007965000000695,
              "p999": 0.02529800000047544,
              "sampleCount": 153996,
              "median": 0.0026349999989179196
            },
            {
              "id": "1182531338_2_1",
              "name": "getAllLeaves depth 32",
              "rank": 4,
              "rme": 0.7971229878843215,
              "samples": [],
              "totalTime": 500.0109380001595,
              "min": 0.00637300000016694,
              "max": 0.7504140000000916,
              "hz": 120015.3745436282,
              "period": 0.008332265793466971,
              "mean": 0.008332265793466971,
              "variance": 0.0000689098246527644,
              "sd": 0.00830119417028444,
              "sem": 0.000033886941862932245,
              "df": 60008,